-- phpMyAdmin SQL Dump
-- version 5.1.0
-- https://www.phpmyadmin.net/
--
-- Host: 127.0.0.1
-- Waktu pembuatan: 21 Jul 2022 pada 13.57
-- Versi server: 10.4.18-MariaDB
-- Versi PHP: 8.0.3

SET SQL_MODE = "NO_AUTO_VALUE_ON_ZERO";
START TRANSACTION;
SET time_zone = "+00:00";


/*!40101 SET @OLD_CHARACTER_SET_CLIENT=@@CHARACTER_SET_CLIENT */;
/*!40101 SET @OLD_CHARACTER_SET_RESULTS=@@CHARACTER_SET_RESULTS */;
/*!40101 SET @OLD_COLLATION_CONNECTION=@@COLLATION_CONNECTION */;
/*!40101 SET NAMES utf8mb4 */;

--
-- Database: `tokooleh`
--

-- --------------------------------------------------------

--
-- Struktur dari tabel `ci_sessions`
--

CREATE TABLE `ci_sessions` (
  `id` varchar(128) NOT NULL,
  `ip_address` varchar(45) NOT NULL,
  `timestamp` int(10) UNSIGNED NOT NULL DEFAULT 0,
  `data` blob NOT NULL
) ENGINE=InnoDB DEFAULT CHARSET=utf8mb4;

--
-- Dumping data untuk tabel `ci_sessions`
--

INSERT INTO `ci_sessions` (`id`, `ip_address`, `timestamp`, `data`) VALUES
('49sitaqp8qcim4uopp23k7npnju3i6ck', '::1', 1658280055, 0x5f5f63695f6c6173745f726567656e65726174657c693a313635383238303035353b7265646972656374696f6e7c4e3b6c6f67696e5f666c6173687c733a31353a2250617373776f72642073616c616821223b5f5f63695f766172737c613a323a7b733a31313a226c6f67696e5f666c617368223b733a333a226f6c64223b733a31323a226f6c645f757365726e616d65223b733a333a226f6c64223b7d6f6c645f757365726e616d657c733a353a2261646d696e223b),
('tv7q5mpig2nij9jp8cmbsmiqthivrfed', '::1', 1658280599, 0x5f5f63695f6c6173745f726567656e65726174657c693a313635383238303539393b7265646972656374696f6e7c4e3b6c6f67696e5f666c6173687c733a31353a2250617373776f72642073616c616821223b5f5f63695f766172737c613a333a7b733a31313a226c6f67696e5f666c617368223b733a333a226f6c64223b733a31323a226f6c645f757365726e616d65223b733a333a226f6c64223b733a31313a2273746f72655f666c617368223b733a333a226f6c64223b7d6f6c645f757365726e616d657c733a353a2261646d696e223b5f5f4143544956455f53455353494f4e5f444154417c733a3235363a223866356265373763363262366437313630613337616134306139346438333664326430616235653238313163303836323035383164643865313861366334636232393535356536306264373536326636636337333565333866653865363230373032336164343133646263613730646632336163323737373939653565363263396850727263754b4954424a6678536961645555336a45777269757a376655706e64694d6b62396d3538416d6f6e7548617a34555452457878743530667834744d766f55533750342b3857485a73396877384d6f33694c734f4836784d6b4474307a7a63557766535351486a6f4a6a626e31487a342b347446304d3249483949223b73746f72655f666c6173687c733a32363a2250656e646166746172616e20616b756e20626572686173696c21223b),
('ivu9sbbmvk0mpsc9frao8cii4jgcp66v', '::1', 1658281561, 0x5f5f63695f6c6173745f726567656e65726174657c693a313635383238313536313b7265646972656374696f6e7c4e3b6c6f67696e5f666c6173687c733a31353a2250617373776f72642073616c616821223b5f5f63695f766172737c613a333a7b733a31313a226c6f67696e5f666c617368223b733a333a226f6c64223b733a31323a226f6c645f757365726e616d65223b733a333a226f6c64223b733a31313a2273746f72655f666c617368223b733a333a226f6c64223b7d6f6c645f757365726e616d657c733a353a2261646d696e223b5f5f4143544956455f53455353494f4e5f444154417c733a3235363a223866356265373763363262366437313630613337616134306139346438333664326430616235653238313163303836323035383164643865313861366334636232393535356536306264373536326636636337333565333866653865363230373032336164343133646263613730646632336163323737373939653565363263396850727263754b4954424a6678536961645555336a45777269757a376655706e64694d6b62396d3538416d6f6e7548617a34555452457878743530667834744d766f55533750342b3857485a73396877384d6f33694c734f4836784d6b4474307a7a63557766535351486a6f4a6a626e31487a342b347446304d3249483949223b73746f72655f666c6173687c733a32363a2250656e646166746172616e20616b756e20626572686173696c21223b),
('103d7e9qft5hnp4c9090jhitsb7sogtn', '::1', 1658282055, 0x5f5f63695f6c6173745f726567656e65726174657c693a313635383238323035353b6c6f67696e5f666c6173687c733a31353a2250617373776f72642073616c616821223b5f5f63695f766172737c613a333a7b733a31313a226c6f67696e5f666c617368223b733a333a226f6c64223b733a31323a226f6c645f757365726e616d65223b733a333a226f6c64223b733a31313a2273746f72655f666c617368223b733a333a226f6c64223b7d6f6c645f757365726e616d657c733a373a2261646d696e3132223b5f5f4143544956455f53455353494f4e5f444154417c733a3235363a2262333332393461313666613830303766313131663631646537653266663961356563626636376632326266313139656537363231643330373665343463663862333534363733323065393333303432396234653434666334616336623737653232396562323136346432666461366636363937353465363034363937353030642b38716b4c52466752466c6c7647336f31416f6f664a6544754148733634674b5a452b4d31616c30584f67567868634d3772574e335757726950394d375536416c6b71457275763879476c33527546304b394664677150465a694e46497830617975776b622b37376a6731576234504564652b6a48426e587561784a51336e78223b73746f72655f666c6173687c733a32363a2250656e646166746172616e20616b756e20626572686173696c21223b7265646972656374696f6e7c4e3b),
('uqe8rclsqtd5iddco8a5ci3adjcl22ph', '::1', 1658282519, 0x5f5f63695f6c6173745f726567656e65726174657c693a313635383238323531393b6c6f67696e5f666c6173687c733a31353a2250617373776f72642073616c616821223b5f5f63695f766172737c613a333a7b733a31313a226c6f67696e5f666c617368223b733a333a226f6c64223b733a31323a226f6c645f757365726e616d65223b733a333a226f6c64223b733a31313a2273746f72655f666c617368223b733a333a226f6c64223b7d6f6c645f757365726e616d657c733a373a2261646d696e3132223b5f5f4143544956455f53455353494f4e5f444154417c733a3235363a2262333332393461313666613830303766313131663631646537653266663961356563626636376632326266313139656537363231643330373665343463663862333534363733323065393333303432396234653434666334616336623737653232396562323136346432666461366636363937353465363034363937353030642b38716b4c52466752466c6c7647336f31416f6f664a6544754148733634674b5a452b4d31616c30584f67567868634d3772574e335757726950394d375536416c6b71457275763879476c33527546304b394664677150465a694e46497830617975776b622b37376a6731576234504564652b6a48426e587561784a51336e78223b73746f72655f666c6173687c733a32363a2250656e646166746172616e20616b756e20626572686173696c21223b7265646972656374696f6e7c4e3b),
('25cokg1sspd4r10p4ovpreircvnlg2eu', '::1', 1658282845, 0x5f5f63695f6c6173745f726567656e65726174657c693a313635383238323834353b6c6f67696e5f666c6173687c733a31353a2250617373776f72642073616c616821223b5f5f63695f766172737c613a343a7b733a31313a226c6f67696e5f666c617368223b733a333a226f6c64223b733a31323a226f6c645f757365726e616d65223b733a333a226f6c64223b733a31313a2273746f72655f666c617368223b733a333a226f6c64223b733a31383a22656469745f70726f647563745f666c617368223b733a333a226f6c64223b7d6f6c645f757365726e616d657c733a373a2261646d696e3132223b5f5f4143544956455f53455353494f4e5f444154417c733a3235363a2262333332393461313666613830303766313131663631646537653266663961356563626636376632326266313139656537363231643330373665343463663862333534363733323065393333303432396234653434666334616336623737653232396562323136346432666461366636363937353465363034363937353030642b38716b4c52466752466c6c7647336f31416f6f664a6544754148733634674b5a452b4d31616c30584f67567868634d3772574e335757726950394d375536416c6b71457275763879476c33527546304b394664677150465a694e46497830617975776b622b37376a6731576234504564652b6a48426e587561784a51336e78223b73746f72655f666c6173687c733a32363a2250656e646166746172616e20616b756e20626572686173696c21223b7265646972656374696f6e7c4e3b656469745f70726f647563745f666c6173687c733a32373a2250726f64756b20626572686173696c206469706572626172756921223b),
('gsqr25v6rbe29qglmvocpibpjrmmnbl0', '::1', 1658282855, 0x5f5f63695f6c6173745f726567656e65726174657c693a313635383238323835353b),
('27g3gust8v8umj0abgskjuqn5flfb7m5', '::1', 1658283163, 0x5f5f63695f6c6173745f726567656e65726174657c693a313635383238333136333b6c6f67696e5f666c6173687c733a31353a2250617373776f72642073616c616821223b5f5f63695f766172737c613a343a7b733a31313a226c6f67696e5f666c617368223b733a333a226f6c64223b733a31323a226f6c645f757365726e616d65223b733a333a226f6c64223b733a31313a2273746f72655f666c617368223b733a333a226f6c64223b733a31383a22656469745f70726f647563745f666c617368223b733a333a226f6c64223b7d6f6c645f757365726e616d657c733a373a2261646d696e3132223b5f5f4143544956455f53455353494f4e5f444154417c733a3235363a2262333332393461313666613830303766313131663631646537653266663961356563626636376632326266313139656537363231643330373665343463663862333534363733323065393333303432396234653434666334616336623737653232396562323136346432666461366636363937353465363034363937353030642b38716b4c52466752466c6c7647336f31416f6f664a6544754148733634674b5a452b4d31616c30584f67567868634d3772574e335757726950394d375536416c6b71457275763879476c33527546304b394664677150465a694e46497830617975776b622b37376a6731576234504564652b6a48426e587561784a51336e78223b73746f72655f666c6173687c733a32363a2250656e646166746172616e20616b756e20626572686173696c21223b7265646972656374696f6e7c4e3b656469745f70726f647563745f666c6173687c733a32373a2250726f64756b20626572686173696c206469706572626172756921223b),
('pne0salh9tjls34dfk259s3rvpfspsep', '::1', 1658283586, 0x5f5f63695f6c6173745f726567656e65726174657c693a313635383238333538363b),
('63j6hoq3rdnsh1o9k88lh9c0kfgkg4l3', '::1', 1658283568, 0x5f5f63695f6c6173745f726567656e65726174657c693a313635383238333536383b6c6f67696e5f666c6173687c733a31353a2250617373776f72642073616c616821223b5f5f63695f766172737c613a343a7b733a31313a226c6f67696e5f666c617368223b733a333a226f6c64223b733a31323a226f6c645f757365726e616d65223b733a333a226f6c64223b733a31313a2273746f72655f666c617368223b733a333a226f6c64223b733a31383a22656469745f70726f647563745f666c617368223b733a333a226f6c64223b7d6f6c645f757365726e616d657c733a373a2261646d696e3132223b5f5f4143544956455f53455353494f4e5f444154417c733a3235363a2262333332393461313666613830303766313131663631646537653266663961356563626636376632326266313139656537363231643330373665343463663862333534363733323065393333303432396234653434666334616336623737653232396562323136346432666461366636363937353465363034363937353030642b38716b4c52466752466c6c7647336f31416f6f664a6544754148733634674b5a452b4d31616c30584f67567868634d3772574e335757726950394d375536416c6b71457275763879476c33527546304b394664677150465a694e46497830617975776b622b37376a6731576234504564652b6a48426e587561784a51336e78223b73746f72655f666c6173687c733a32363a2250656e646166746172616e20616b756e20626572686173696c21223b7265646972656374696f6e7c4e3b656469745f70726f647563745f666c6173687c733a32373a2250726f64756b20626572686173696c206469706572626172756921223b),
('1khtfk414mdbbs90egf40jt4at7ggq1j', '::1', 1658283721, 0x5f5f63695f6c6173745f726567656e65726174657c693a313635383238333536383b6c6f67696e5f666c6173687c733a31353a2250617373776f72642073616c616821223b5f5f63695f766172737c613a343a7b733a31313a226c6f67696e5f666c617368223b733a333a226f6c64223b733a31323a226f6c645f757365726e616d65223b733a333a226f6c64223b733a31313a2273746f72655f666c617368223b733a333a226f6c64223b733a31383a22656469745f70726f647563745f666c617368223b733a333a226f6c64223b7d6f6c645f757365726e616d657c733a373a2261646d696e3132223b5f5f4143544956455f53455353494f4e5f444154417c733a3235363a2262333332393461313666613830303766313131663631646537653266663961356563626636376632326266313139656537363231643330373665343463663862333534363733323065393333303432396234653434666334616336623737653232396562323136346432666461366636363937353465363034363937353030642b38716b4c52466752466c6c7647336f31416f6f664a6544754148733634674b5a452b4d31616c30584f67567868634d3772574e335757726950394d375536416c6b71457275763879476c33527546304b394664677150465a694e46497830617975776b622b37376a6731576234504564652b6a48426e587561784a51336e78223b73746f72655f666c6173687c733a32363a2250656e646166746172616e20616b756e20626572686173696c21223b7265646972656374696f6e7c4e3b656469745f70726f647563745f666c6173687c733a32373a2250726f64756b20626572686173696c206469706572626172756921223b),
('d7k2ks6va2f0992j6103hpikfucss31k', '::1', 1658283745, 0x5f5f63695f6c6173745f726567656e65726174657c693a313635383238333538363b),
('9lafhrgjulh2ffbnkkcgtljn5h1ld3h4', '::1', 1658325939, 0x5f5f63695f6c6173745f726567656e65726174657c693a313635383332353933393b),
('vhi7afoaunb3farqoumkg622gfr0m4q5', '::1', 1658326376, 0x5f5f63695f6c6173745f726567656e65726174657c693a313635383332363337363b),
('2ols4mj9noerla3kjvr7asic1ff2e49a', '::1', 1658328264, 0x5f5f63695f6c6173745f726567656e65726174657c693a313635383332383236343b),
('lpilrgl3f1hl9knci8q04jtcku1c6kk6', '::1', 1658329010, 0x5f5f63695f6c6173745f726567656e65726174657c693a313635383332393031303b),
('7c0i5b5fpc60evc2ddq0avjskk95st32', '::1', 1658330336, 0x5f5f63695f6c6173745f726567656e65726174657c693a313635383333303333363b),
('scqvnskpji56m64aei7an8j4cmdlg1cv', '::1', 1658330651, 0x5f5f63695f6c6173745f726567656e65726174657c693a313635383333303635313b),
('tpbad42mrvj9iuo60842a1kb10kjsroo', '::1', 1658330652, 0x5f5f63695f6c6173745f726567656e65726174657c693a313635383333303635313b),
('mc1paamc1t320ugucqfa7hktad1rpk0m', '::1', 1658356333, 0x5f5f63695f6c6173745f726567656e65726174657c693a313635383335363333333b7265646972656374696f6e7c4e3b6c6f67696e5f666c6173687c733a31353a2250617373776f72642073616c616821223b5f5f63695f766172737c613a323a7b733a31313a226c6f67696e5f666c617368223b733a333a226f6c64223b733a31323a226f6c645f757365726e616d65223b733a333a226f6c64223b7d6f6c645f757365726e616d657c733a373a2261646d696e3132223b5f5f4143544956455f53455353494f4e5f444154417c733a3235363a2237656462373338613965373531633464313930303636333031666266373561363835363839663663373030643038623537336261393335613934396239333135343464613161353165333439626131363630653532633361303734636161353365643435306637356461343137363062383934313132313963346539313536667743664963584b6d58416862504d64656f5965325a35764735324c36672b4c5151547969704663324670475379507563637032486b6f417754345262497743524b6f44644b644e51692b675a75763734544e742f7044316c4c3034575141627745364f2b6161412b3532564b38644d4a6c667a456f794c693751496766663632223b),
('2ndd6qh1a89b4snsvltif39jmjikbn8u', '::1', 1658356843, 0x5f5f63695f6c6173745f726567656e65726174657c693a313635383335363834333b7265646972656374696f6e7c4e3b6c6f67696e5f666c6173687c733a31353a2250617373776f72642073616c616821223b5f5f63695f766172737c613a323a7b733a31313a226c6f67696e5f666c617368223b733a333a226f6c64223b733a31323a226f6c645f757365726e616d65223b733a333a226f6c64223b7d6f6c645f757365726e616d657c733a373a2261646d696e3132223b5f5f4143544956455f53455353494f4e5f444154417c733a3235363a2237656462373338613965373531633464313930303636333031666266373561363835363839663663373030643038623537336261393335613934396239333135343464613161353165333439626131363630653532633361303734636161353365643435306637356461343137363062383934313132313963346539313536667743664963584b6d58416862504d64656f5965325a35764735324c36672b4c5151547969704663324670475379507563637032486b6f417754345262497743524b6f44644b644e51692b675a75763734544e742f7044316c4c3034575141627745364f2b6161412b3532564b38644d4a6c667a456f794c693751496766663632223b),
('sojt05ohr7v8b6flk8p76vo62g00mubh', '::1', 1658362086, 0x5f5f63695f6c6173745f726567656e65726174657c693a313635383336323038363b7265646972656374696f6e7c4e3b6c6f67696e5f666c6173687c733a31353a2250617373776f72642073616c616821223b5f5f63695f766172737c613a323a7b733a31313a226c6f67696e5f666c617368223b733a333a226f6c64223b733a31323a226f6c645f757365726e616d65223b733a333a226f6c64223b7d6f6c645f757365726e616d657c733a373a2261646d696e3132223b5f5f4143544956455f53455353494f4e5f444154417c733a3235363a2237656462373338613965373531633464313930303636333031666266373561363835363839663663373030643038623537336261393335613934396239333135343464613161353165333439626131363630653532633361303734636161353365643435306637356461343137363062383934313132313963346539313536667743664963584b6d58416862504d64656f5965325a35764735324c36672b4c5151547969704663324670475379507563637032486b6f417754345262497743524b6f44644b644e51692b675a75763734544e742f7044316c4c3034575141627745364f2b6161412b3532564b38644d4a6c667a456f794c693751496766663632223b),
('cqh03es573rdmvse72fc797sflgs2o84', '::1', 1658362406, 0x5f5f63695f6c6173745f726567656e65726174657c693a313635383336323430363b7265646972656374696f6e7c4e3b6c6f67696e5f666c6173687c733a31353a2250617373776f72642073616c616821223b5f5f63695f766172737c613a333a7b733a31313a226c6f67696e5f666c617368223b733a333a226f6c64223b733a31323a226f6c645f757365726e616d65223b733a333a226f6c64223b733a31383a22656469745f70726f647563745f666c617368223b733a333a226f6c64223b7d6f6c645f757365726e616d657c733a373a2261646d696e3132223b5f5f4143544956455f53455353494f4e5f444154417c733a3235363a2237656462373338613965373531633464313930303636333031666266373561363835363839663663373030643038623537336261393335613934396239333135343464613161353165333439626131363630653532633361303734636161353365643435306637356461343137363062383934313132313963346539313536667743664963584b6d58416862504d64656f5965325a35764735324c36672b4c5151547969704663324670475379507563637032486b6f417754345262497743524b6f44644b644e51692b675a75763734544e742f7044316c4c3034575141627745364f2b6161412b3532564b38644d4a6c667a456f794c693751496766663632223b656469745f70726f647563745f666c6173687c733a32373a2250726f64756b20626572686173696c206469706572626172756921223b),
('q6mperkm3qvvulptpfinc6682ff0fros', '::1', 1658362756, 0x5f5f63695f6c6173745f726567656e65726174657c693a313635383336323735363b7265646972656374696f6e7c4e3b6c6f67696e5f666c6173687c733a31353a2250617373776f72642073616c616821223b5f5f63695f766172737c613a343a7b733a31313a226c6f67696e5f666c617368223b733a333a226f6c64223b733a31323a226f6c645f757365726e616d65223b733a333a226f6c64223b733a31383a22656469745f70726f647563745f666c617368223b733a333a226f6c64223b733a32313a226164645f6e65775f70726f647563745f666c617368223b733a333a226f6c64223b7d6f6c645f757365726e616d657c733a373a2261646d696e3132223b5f5f4143544956455f53455353494f4e5f444154417c733a3235363a2237656462373338613965373531633464313930303636333031666266373561363835363839663663373030643038623537336261393335613934396239333135343464613161353165333439626131363630653532633361303734636161353365643435306637356461343137363062383934313132313963346539313536667743664963584b6d58416862504d64656f5965325a35764735324c36672b4c5151547969704663324670475379507563637032486b6f417754345262497743524b6f44644b644e51692b675a75763734544e742f7044316c4c3034575141627745364f2b6161412b3532564b38644d4a6c667a456f794c693751496766663632223b656469745f70726f647563745f666c6173687c733a32373a2250726f64756b20626572686173696c206469706572626172756921223b6164645f6e65775f70726f647563745f666c6173687c733a33333a2250726f64756b206261727520626572686173696c20646974616d6261686b616e21223b),
('884larj94ftmkoa1tvcuoo9dup0jhppv', '::1', 1658363389, 0x5f5f63695f6c6173745f726567656e65726174657c693a313635383336333338393b7265646972656374696f6e7c4e3b6c6f67696e5f666c6173687c733a31363a22426572686173696c206c6f676f757421223b5f5f63695f766172737c613a343a7b733a31313a226c6f67696e5f666c617368223b733a333a226f6c64223b733a31323a226f6c645f757365726e616d65223b733a333a226f6c64223b733a31383a22656469745f70726f647563745f666c617368223b733a333a226f6c64223b733a32313a226164645f6e65775f70726f647563745f666c617368223b733a333a226f6c64223b7d6f6c645f757365726e616d657c733a373a2261646d696e3132223b656469745f70726f647563745f666c6173687c733a32373a2250726f64756b20626572686173696c206469706572626172756921223b6164645f6e65775f70726f647563745f666c6173687c733a33333a2250726f64756b206261727520626572686173696c20646974616d6261686b616e21223b),
('sbifqjfigevj74fa8t75alapakbd8phu', '::1', 1658363825, 0x5f5f63695f6c6173745f726567656e65726174657c693a313635383336333832353b7265646972656374696f6e7c4e3b6c6f67696e5f666c6173687c733a31363a22426572686173696c206c6f676f757421223b5f5f63695f766172737c613a343a7b733a31313a226c6f67696e5f666c617368223b733a333a226f6c64223b733a31323a226f6c645f757365726e616d65223b733a333a226f6c64223b733a31383a22656469745f70726f647563745f666c617368223b733a333a226f6c64223b733a32313a226164645f6e65775f70726f647563745f666c617368223b733a333a226f6c64223b7d6f6c645f757365726e616d657c733a373a2261646d696e3132223b656469745f70726f647563745f666c6173687c733a32373a2250726f64756b20626572686173696c206469706572626172756921223b6164645f6e65775f70726f647563745f666c6173687c733a33333a2250726f64756b206261727520626572686173696c20646974616d6261686b616e21223b),
('p9mvtv91injnvuk8i196pjmhi32vfck5', '::1', 1658364633, 0x5f5f63695f6c6173745f726567656e65726174657c693a313635383336343633333b7265646972656374696f6e7c4e3b6c6f67696e5f666c6173687c733a31373a22416e64612062656c756d206c6f67696e21223b5f5f63695f766172737c613a343a7b733a31313a226c6f67696e5f666c617368223b733a333a226f6c64223b733a31323a226f6c645f757365726e616d65223b733a333a226f6c64223b733a31383a22656469745f70726f647563745f666c617368223b733a333a226f6c64223b733a32313a226164645f6e65775f70726f647563745f666c617368223b733a333a226f6c64223b7d6f6c645f757365726e616d657c733a373a2261646d696e3132223b656469745f70726f647563745f666c6173687c733a32373a2250726f64756b20626572686173696c206469706572626172756921223b6164645f6e65775f70726f647563745f666c6173687c733a33333a2250726f64756b206261727520626572686173696c20646974616d6261686b616e21223b),
('uc383rjadb53i62artpib6ur3rht9v5p', '::1', 1658365123, 0x5f5f63695f6c6173745f726567656e65726174657c693a313635383336353132333b7265646972656374696f6e7c4e3b6c6f67696e5f666c6173687c733a31373a22416e64612062656c756d206c6f67696e21223b5f5f63695f766172737c613a343a7b733a31313a226c6f67696e5f666c617368223b733a333a226f6c64223b733a31323a226f6c645f757365726e616d65223b733a333a226f6c64223b733a31383a22656469745f70726f647563745f666c617368223b733a333a226f6c64223b733a32313a226164645f6e65775f70726f647563745f666c617368223b733a333a226f6c64223b7d6f6c645f757365726e616d657c733a373a2261646d696e3132223b656469745f70726f647563745f666c6173687c733a32373a2250726f64756b20626572686173696c206469706572626172756921223b6164645f6e65775f70726f647563745f666c6173687c733a33333a2250726f64756b206261727520626572686173696c20646974616d6261686b616e21223b),
('jqn8mh0komnl67a4n1sm8p27stjg1n94', '::1', 1658365475, 0x5f5f63695f6c6173745f726567656e65726174657c693a313635383336353437353b7265646972656374696f6e7c4e3b6c6f67696e5f666c6173687c733a31373a22416e64612062656c756d206c6f67696e21223b5f5f63695f766172737c613a343a7b733a31313a226c6f67696e5f666c617368223b733a333a226f6c64223b733a31323a226f6c645f757365726e616d65223b733a333a226f6c64223b733a31383a22656469745f70726f647563745f666c617368223b733a333a226f6c64223b733a32313a226164645f6e65775f70726f647563745f666c617368223b733a333a226f6c64223b7d6f6c645f757365726e616d657c733a373a2261646d696e3132223b656469745f70726f647563745f666c6173687c733a32373a2250726f64756b20626572686173696c206469706572626172756921223b6164645f6e65775f70726f647563745f666c6173687c733a33333a2250726f64756b206261727520626572686173696c20646974616d6261686b616e21223b),
('a9rq7v61raq81eljnabq3r88r8g1tcal', '::1', 1658365782, 0x5f5f63695f6c6173745f726567656e65726174657c693a313635383336353738323b7265646972656374696f6e7c733a38343a226148523063446f764c327876593246736147397a6443395562327476583039735a5767766157356b5a586775634768774c324e3163335276625756794c3342686557316c626e527a4c324e76626d5a70636d303d223b6c6f67696e5f666c6173687c733a31373a22416e64612062656c756d206c6f67696e21223b5f5f63695f766172737c613a343a7b733a31313a226c6f67696e5f666c617368223b733a333a226f6c64223b733a31323a226f6c645f757365726e616d65223b733a333a226f6c64223b733a31383a22656469745f70726f647563745f666c617368223b733a333a226f6c64223b733a32313a226164645f6e65775f70726f647563745f666c617368223b733a333a226f6c64223b7d6f6c645f757365726e616d657c733a373a2261646d696e3132223b656469745f70726f647563745f666c6173687c733a32373a2250726f64756b20626572686173696c206469706572626172756921223b6164645f6e65775f70726f647563745f666c6173687c733a33333a2250726f64756b206261727520626572686173696c20646974616d6261686b616e21223b),
('2f66g01ge0poioof9u04eg0snuba9sfl', '::1', 1658366085, 0x5f5f63695f6c6173745f726567656e65726174657c693a313635383336363038353b7265646972656374696f6e7c4e3b6c6f67696e5f666c6173687c733a31363a22426572686173696c206c6f676f757421223b5f5f63695f766172737c613a353a7b733a31313a226c6f67696e5f666c617368223b733a333a226f6c64223b733a31323a226f6c645f757365726e616d65223b733a333a226f6c64223b733a31383a22656469745f70726f647563745f666c617368223b733a333a226f6c64223b733a32313a226164645f6e65775f70726f647563745f666c617368223b733a333a226f6c64223b733a31313a2273746f72655f666c617368223b733a333a226f6c64223b7d6f6c645f757365726e616d657c733a373a2261646d696e3132223b656469745f70726f647563745f666c6173687c733a32373a2250726f64756b20626572686173696c206469706572626172756921223b6164645f6e65775f70726f647563745f666c6173687c733a33333a2250726f64756b206261727520626572686173696c20646974616d6261686b616e21223b636172745f636f6e74656e74737c613a333a7b733a31303a22636172745f746f74616c223b643a39303030303b733a31313a22746f74616c5f6974656d73223b643a323b733a33323a226338316537323864396434633266363336663036376638396363313438363263223b613a363a7b733a323a226964223b733a313a2232223b733a333a22717479223b643a323b733a353a227072696365223b643a34353030303b733a343a226e616d65223b733a31383a224c656769742047756c756e67204e656e6173223b733a353a22726f776964223b733a33323a226338316537323864396434633266363336663036376638396363313438363263223b733a383a22737562746f74616c223b643a39303030303b7d7d5f5f4143544956455f53455353494f4e5f444154417c733a3235363a2266363661383365376430663730343266623837633733646438663965613262633239376465653430363332356432346361336131393761623631656661626237353666393733383730633832323962323132336666353737333061666231376134366438326535633638323632343338666564386239313361643534373066382f45355436573041582b624e434d376b424a2b6956346468766a31756c6e2b66527a44414b46397379762f546a65662f4e6a6c61754465436e797077414c4c62444a68646750564e5973782f344b6e66466c30494f52635363314b2f623452704b6d6c625376684272423267694e35524933494e485833346a5270533559344b223b73746f72655f666c6173687c733a32363a2250656e646166746172616e20616b756e20626572686173696c21223b),
('nujrlc7lf1nmiklbipm22g4obplda5rq', '::1', 1658366406, 0x5f5f63695f6c6173745f726567656e65726174657c693a313635383336363430363b7265646972656374696f6e7c4e3b6c6f67696e5f666c6173687c733a31363a22426572686173696c206c6f676f757421223b5f5f63695f766172737c613a363a7b733a31313a226c6f67696e5f666c617368223b733a333a226f6c64223b733a31323a226f6c645f757365726e616d65223b733a333a226f6c64223b733a31383a22656469745f70726f647563745f666c617368223b733a333a226f6c64223b733a32313a226164645f6e65775f70726f647563745f666c617368223b733a333a226f6c64223b733a31313a2273746f72655f666c617368223b733a333a226f6c64223b733a31313a226f726465725f666c617368223b733a333a226f6c64223b7d6f6c645f757365726e616d657c733a373a2261646d696e3132223b656469745f70726f647563745f666c6173687c733a32373a2250726f64756b20626572686173696c206469706572626172756921223b6164645f6e65775f70726f647563745f666c6173687c733a33333a2250726f64756b206261727520626572686173696c20646974616d6261686b616e21223b5f5f4143544956455f53455353494f4e5f444154417c733a3235363a2266363661383365376430663730343266623837633733646438663965613262633239376465653430363332356432346361336131393761623631656661626237353666393733383730633832323962323132336666353737333061666231376134366438326535633638323632343338666564386239313361643534373066382f45355436573041582b624e434d376b424a2b6956346468766a31756c6e2b66527a44414b46397379762f546a65662f4e6a6c61754465436e797077414c4c62444a68646750564e5973782f344b6e66466c30494f52635363314b2f623452704b6d6c625376684272423267694e35524933494e485833346a5270533559344b223b73746f72655f666c6173687c733a32363a2250656e646166746172616e20616b756e20626572686173696c21223b6f726465725f666c6173687c733a32363a224f7264657220626572686173696c20646974616d6261686b616e223b),
('q6lleh6j0l6t00h8j37np8m1e7lbnv5m', '::1', 1658366765, 0x5f5f63695f6c6173745f726567656e65726174657c693a313635383336363736353b7265646972656374696f6e7c4e3b6c6f67696e5f666c6173687c733a31363a22426572686173696c206c6f676f757421223b5f5f63695f766172737c613a363a7b733a31313a226c6f67696e5f666c617368223b733a333a226f6c64223b733a31323a226f6c645f757365726e616d65223b733a333a226f6c64223b733a31383a22656469745f70726f647563745f666c617368223b733a333a226f6c64223b733a32313a226164645f6e65775f70726f647563745f666c617368223b733a333a226f6c64223b733a31313a2273746f72655f666c617368223b733a333a226f6c64223b733a31313a226f726465725f666c617368223b733a333a226f6c64223b7d6f6c645f757365726e616d657c733a373a2261646d696e3132223b656469745f70726f647563745f666c6173687c733a32373a2250726f64756b20626572686173696c206469706572626172756921223b6164645f6e65775f70726f647563745f666c6173687c733a33333a2250726f64756b206261727520626572686173696c20646974616d6261686b616e21223b73746f72655f666c6173687c733a32363a2250656e646166746172616e20616b756e20626572686173696c21223b6f726465725f666c6173687c733a32363a224f7264657220626572686173696c20646974616d6261686b616e223b),
('ongn956vgnpiqloerjlgsrd20na1a46v', '::1', 1658367237, 0x5f5f63695f6c6173745f726567656e65726174657c693a313635383336373233373b7265646972656374696f6e7c4e3b6c6f67696e5f666c6173687c733a31363a22426572686173696c206c6f676f757421223b5f5f63695f766172737c613a363a7b733a31313a226c6f67696e5f666c617368223b733a333a226f6c64223b733a31323a226f6c645f757365726e616d65223b733a333a226f6c64223b733a31383a22656469745f70726f647563745f666c617368223b733a333a226f6c64223b733a32313a226164645f6e65775f70726f647563745f666c617368223b733a333a226f6c64223b733a31313a2273746f72655f666c617368223b733a333a226f6c64223b733a31313a226f726465725f666c617368223b733a333a226f6c64223b7d6f6c645f757365726e616d657c733a373a2261646d696e3132223b656469745f70726f647563745f666c6173687c733a32373a2250726f64756b20626572686173696c206469706572626172756921223b6164645f6e65775f70726f647563745f666c6173687c733a33333a2250726f64756b206261727520626572686173696c20646974616d6261686b616e21223b73746f72655f666c6173687c733a32363a2250656e646166746172616e20616b756e20626572686173696c21223b6f726465725f666c6173687c733a32363a224f7264657220626572686173696c20646974616d6261686b616e223b),
('0sf06p4lp3hj5akdcfddurq9cf2rfhkp', '::1', 1658367429, 0x5f5f63695f6c6173745f726567656e65726174657c693a313635383336373233373b7265646972656374696f6e7c4e3b6c6f67696e5f666c6173687c733a31363a22426572686173696c206c6f676f757421223b5f5f63695f766172737c613a363a7b733a31313a226c6f67696e5f666c617368223b733a333a226f6c64223b733a31323a226f6c645f757365726e616d65223b733a333a226f6c64223b733a31383a22656469745f70726f647563745f666c617368223b733a333a226f6c64223b733a32313a226164645f6e65775f70726f647563745f666c617368223b733a333a226f6c64223b733a31313a2273746f72655f666c617368223b733a333a226f6c64223b733a31313a226f726465725f666c617368223b733a333a226f6c64223b7d6f6c645f757365726e616d657c733a373a2261646d696e3132223b656469745f70726f647563745f666c6173687c733a32373a2250726f64756b20626572686173696c206469706572626172756921223b6164645f6e65775f70726f647563745f666c6173687c733a33333a2250726f64756b206261727520626572686173696c20646974616d6261686b616e21223b73746f72655f666c6173687c733a32363a2250656e646166746172616e20616b756e20626572686173696c21223b6f726465725f666c6173687c733a32363a224f7264657220626572686173696c20646974616d6261686b616e223b);

-- --------------------------------------------------------

--
-- Struktur dari tabel `contacts`
--

CREATE TABLE `contacts` (
  `id` int(10) NOT NULL,
  `parent_id` int(10) DEFAULT NULL,
  `name` varchar(32) NOT NULL,
  `subject` varchar(128) DEFAULT NULL,
  `email` varchar(64) NOT NULL,
  `message` mediumtext NOT NULL,
  `contact_date` datetime DEFAULT NULL,
  `status` tinyint(1) DEFAULT 1,
  `reply_at` datetime DEFAULT NULL
) ENGINE=InnoDB DEFAULT CHARSET=utf8mb4;

-- --------------------------------------------------------

--
-- Struktur dari tabel `coupons`
--

CREATE TABLE `coupons` (
  `id` bigint(20) NOT NULL,
  `name` varchar(191) NOT NULL,
  `code` varchar(32) NOT NULL,
  `credit` decimal(8,2) NOT NULL,
  `start_date` date NOT NULL,
  `expired_date` date NOT NULL,
  `is_active` tinyint(4) DEFAULT 1
) ENGINE=InnoDB DEFAULT CHARSET=utf8mb4;

-- --------------------------------------------------------

--
-- Struktur dari tabel `customers`
--

CREATE TABLE `customers` (
  `id` bigint(20) NOT NULL,
  `user_id` bigint(20) UNSIGNED DEFAULT NULL,
  `name` varchar(191) NOT NULL,
  `phone_number` varchar(32) DEFAULT NULL,
  `address` varchar(191) NOT NULL,
  `profile_picture` varchar(191) DEFAULT NULL
) ENGINE=InnoDB DEFAULT CHARSET=utf8mb4;

--
-- Dumping data untuk tabel `customers`
--

INSERT INTO `customers` (`id`, `user_id`, `name`, `phone_number`, `address`, `profile_picture`) VALUES
(12, 13, 'test', '1223423423412', 'test', NULL);

-- --------------------------------------------------------

--
-- Struktur dari tabel `orders`
--

CREATE TABLE `orders` (
  `id` bigint(20) NOT NULL,
  `user_id` bigint(20) UNSIGNED DEFAULT NULL,
  `coupon_id` bigint(20) DEFAULT NULL,
  `order_number` varchar(16) NOT NULL,
  `order_status` enum('1','2','3','4','5') DEFAULT '1',
  `order_date` datetime NOT NULL,
  `total_price` decimal(8,2) DEFAULT NULL,
  `total_items` int(10) DEFAULT NULL,
  `payment_method` int(11) DEFAULT 1,
  `delivery_data` text DEFAULT NULL,
  `delivered_date` datetime DEFAULT NULL,
  `finish_date` datetime DEFAULT NULL
) ENGINE=InnoDB DEFAULT CHARSET=utf8mb4;

--
-- Dumping data untuk tabel `orders`
--

INSERT INTO `orders` (`id`, `user_id`, `coupon_id`, `order_number`, `order_status`, `order_date`, `total_price`, `total_items`, `payment_method`, `delivery_data`, `delivered_date`, `finish_date`) VALUES
(17, 13, NULL, 'ENU21722213423', '1', '2022-07-21 08:15:23', '135000.00', 2, 2, '{\"customer\":{\"name\":\"test\",\"phone_number\":\"1223423423412\",\"address\":\"test\"},\"note\":\"\"}', NULL, NULL);

-- --------------------------------------------------------

--
-- Struktur dari tabel `order_items`
--

CREATE TABLE `order_items` (
  `id` bigint(20) NOT NULL,
  `order_id` bigint(20) DEFAULT NULL,
  `product_id` bigint(20) DEFAULT NULL,
  `order_qty` int(10) NOT NULL,
  `order_price` decimal(8,2) DEFAULT NULL
) ENGINE=InnoDB DEFAULT CHARSET=utf8mb4;

--
-- Dumping data untuk tabel `order_items`
--

INSERT INTO `order_items` (`id`, `order_id`, `product_id`, `order_qty`, `order_price`) VALUES
(29, 17, 2, 2, '45000.00'),
(30, 17, 4, 1, '45000.00');

-- --------------------------------------------------------

--
-- Struktur dari tabel `payments`
--

CREATE TABLE `payments` (
  `id` bigint(20) NOT NULL,
  `order_id` bigint(20) DEFAULT NULL,
  `payment_price` decimal(8,2) DEFAULT NULL,
  `payment_date` datetime NOT NULL,
  `picture_name` varchar(191) DEFAULT NULL,
  `payment_status` enum('1','2','3') DEFAULT '1',
  `confirmed_date` datetime DEFAULT NULL,
  `payment_data` text DEFAULT NULL
) ENGINE=InnoDB DEFAULT CHARSET=utf8mb4;

-- --------------------------------------------------------

--
-- Struktur dari tabel `products`
--

CREATE TABLE `products` (
  `id` bigint(20) NOT NULL,
  `category_id` int(10) DEFAULT NULL,
  `sku` varchar(32) DEFAULT NULL,
  `name` varchar(191) NOT NULL,
  `description` varchar(191) DEFAULT NULL,
  `picture_name` varchar(191) DEFAULT NULL,
  `price` decimal(8,2) NOT NULL,
  `current_discount` decimal(8,2) DEFAULT 0.00,
  `stock` int(10) NOT NULL,
  `product_unit` varchar(32) DEFAULT NULL,
  `is_available` tinyint(1) DEFAULT 1,
  `add_date` datetime DEFAULT NULL
) ENGINE=InnoDB DEFAULT CHARSET=utf8mb4;

--
-- Dumping data untuk tabel `products`
--

INSERT INTO `products` (`id`, `category_id`, `sku`, `name`, `description`, `picture_name`, `price`, `current_discount`, `stock`, `product_unit`, `is_available`, `add_date`) VALUES
(2, 1, 'BS350420', 'Legit Gulung Nenas', NULL, 'kue1.jpeg', '45000.00', '0.00', 10, 'Kg', 1, '2020-03-26 15:03:40'),
(4, 1, 'TS120790', 'Kue Talam Durian', NULL, 'kue2.jpeg', '45000.00', '0.00', 20, 'Kg', 1, '2020-03-26 19:36:30'),
(5, 1, 'WS120811', 'Kue Lapis Melayu Pekanbaru', NULL, 'kue3.jpeg', '37000.00', '2000.00', 20, 'Kg', 1, '2020-03-26 19:36:51'),
(8, 1, 'PS220885', 'Lapis Legit', NULL, 'kue4.jpeg', '60000.00', '0.00', 20, 'Kg', 1, '2020-03-26 19:38:05'),
(9, 2, 'AB450163', 'Kue Pisangpou', NULL, 'cake6.jpg', '35000.00', '2000.00', 50, 'Kg', 1, '2020-03-26 19:42:43'),
(10, 2, 'BMS120283', 'Kue Stawberrlis', NULL, 'cake7.jpg', '35000.00', '0.00', 20, 'Kg', 1, '2020-03-26 19:44:42'),
(11, 2, 'URS13301', 'Strawtruffle', NULL, 'cake10.jpg', '25000.00', '0.00', 3, 'Kg', 1, '2020-03-26 19:45:01'),
(12, 2, 'BPS15347', 'Softcherry', NULL, 'cake9.jpg', '35000.00', '0.00', 5, 'Kg', 1, '2020-03-26 19:45:47'),
(13, 1, 'KPS223370', 'Roti Jala', NULL, 'kue9.jpeg', '15000.00', '0.00', 23, 'Kg', 1, '2020-03-26 19:46:10'),
(14, 1, 'CMS410424', 'Pie Susu Melayu', NULL, 'kue7.jpeg', '25000.00', '7000.00', 10, 'Kg', 1, '2020-03-26 19:47:04'),
(15, 2, 'KKB2200906', 'Kue Kemojo', NULL, 'oleh2.jpg', '25000.00', '0.00', 200, '1', 1, '2022-07-14 07:18:26'),
(16, 1, 'LLDKK610475', 'Lapis Legit Durian', NULL, 'kue5.jpeg', '65000.00', '0.00', 10, 'kg', 1, '2022-07-21 07:14:35');

-- --------------------------------------------------------

--
-- Struktur dari tabel `product_category`
--

CREATE TABLE `product_category` (
  `id` int(10) NOT NULL,
  `name` varchar(191) NOT NULL
) ENGINE=InnoDB DEFAULT CHARSET=utf8mb4;

--
-- Dumping data untuk tabel `product_category`
--

INSERT INTO `product_category` (`id`, `name`) VALUES
(1, 'Kue Khas'),
(2, 'Kue Cemilan');

-- --------------------------------------------------------

--
-- Struktur dari tabel `reviews`
--

CREATE TABLE `reviews` (
  `id` bigint(20) NOT NULL,
  `user_id` bigint(20) UNSIGNED DEFAULT NULL,
  `order_id` bigint(20) DEFAULT NULL,
  `title` varchar(191) DEFAULT NULL,
  `review_text` mediumtext NOT NULL,
  `review_date` datetime NOT NULL,
  `status` tinyint(1) NOT NULL DEFAULT 1
) ENGINE=InnoDB DEFAULT CHARSET=utf8mb4;

--
-- Dumping data untuk tabel `reviews`
--

INSERT INTO `reviews` (`id`, `user_id`, `order_id`, `title`, `review_text`, `review_date`, `status`) VALUES
(1, 1, 6, 'Sangat puas', 'Pembayaran Super Cepat', '2022-07-01 08:31:31', 1),
(2, 2, 5, 'Kue Enak', 'Kuenya Bekualitas', '2022-03-02 08:33:10', 1);

-- --------------------------------------------------------

--
-- Struktur dari tabel `settings`
--

CREATE TABLE `settings` (
  `id` int(10) NOT NULL,
  `key` varchar(32) NOT NULL,
  `content` text NOT NULL
) ENGINE=InnoDB DEFAULT CHARSET=utf8mb4;

--
-- Dumping data untuk tabel `settings`
--

INSERT INTO `settings` (`id`, `key`, `content`) VALUES
(1, 'current_theme_name', 'vegefoods'),
(2, 'store_name', 'Kue Moms'),
(3, 'store_phone_number', '08123456798'),
(4, 'store_email', 'kuemoms@gmail.com'),
(5, 'store_tagline', 'Belanja Oleh - Oleh Pekanbaru 24 Jam'),
(6, 'store_logo', 'Logo.png'),
(7, 'max_product_image_size', '20000'),
(8, 'store_description', 'Belanja berbagai Oleh - Oleh Pekanbaru'),
(9, 'store_address', 'Jl. Pekanbaru'),
(10, 'min_shop_to_free_shipping_cost', '20000'),
(11, 'shipping_cost', '3000'),
(12, 'payment_banks', '{\"bank-jago-xx\":{\"bank\":\"BANK JAGO xx\",\"number\":\"123\",\"name\":\"Martin Mulyo Syahidin\"},\"bank-jagoss\":{\"bank\":\"BANK JAGOss\",\"number\":\"xs\",\"name\":\"as\"},\"bank-jagossxx\":{\"bank\":\"BANK JAGOssxx\",\"number\":\"asd\",\"name\":\"Admin Koramil\"}}');

-- --------------------------------------------------------

--
-- Struktur dari tabel `users`
--

CREATE TABLE `users` (
  `id` bigint(20) UNSIGNED NOT NULL,
  `name` varchar(50) COLLATE utf8mb4_unicode_ci DEFAULT NULL,
  `email` varchar(191) COLLATE utf8mb4_unicode_ci NOT NULL,
  `email_verified_at` timestamp NULL DEFAULT NULL,
  `username` varchar(16) COLLATE utf8mb4_unicode_ci NOT NULL,
  `password` varchar(191) COLLATE utf8mb4_unicode_ci NOT NULL,
  `profile_picture` varchar(128) COLLATE utf8mb4_unicode_ci DEFAULT NULL,
  `role` varchar(32) COLLATE utf8mb4_unicode_ci DEFAULT '0' COMMENT '1 = admin, 2 = customer',
  `register_date` datetime DEFAULT NULL
) ENGINE=InnoDB DEFAULT CHARSET=utf8mb4 COLLATE=utf8mb4_unicode_ci;

--
-- Dumping data untuk tabel `users`
--

INSERT INTO `users` (`id`, `name`, `email`, `email_verified_at`, `username`, `password`, `profile_picture`, `role`, `register_date`) VALUES
(12, NULL, 'admin@gmail.com', NULL, 'admin12', '$2y$10$haLJ3F5UnDOGmnyrKuIKEu3AgfE4sZYKQ56ePw4TPA9GQOcbi3Dl2', NULL, 'admin', '2022-07-20 08:21:09'),
(13, NULL, 'test@gmail.com', NULL, 'test1', '$2y$10$RQ3ygWc3AFV4kQXhEmsn4OhsHmQE1skI5DI34GFwsQd.Xb09EBj4q', NULL, 'customer', '2022-07-21 08:13:54');

--
-- Indexes for dumped tables
--

--
-- Indeks untuk tabel `ci_sessions`
--
ALTER TABLE `ci_sessions`
  ADD KEY `ci_sessions_timestamp` (`timestamp`);

--
-- Indeks untuk tabel `contacts`
--
ALTER TABLE `contacts`
  ADD PRIMARY KEY (`id`),
  ADD KEY `FK_contacts_contacts` (`parent_id`);

--
-- Indeks untuk tabel `coupons`
--
ALTER TABLE `coupons`
  ADD PRIMARY KEY (`id`);

--
-- Indeks untuk tabel `customers`
--
ALTER TABLE `customers`
  ADD PRIMARY KEY (`id`),
  ADD KEY `FK_customers_users` (`user_id`);

--
-- Indeks untuk tabel `orders`
--
ALTER TABLE `orders`
  ADD PRIMARY KEY (`id`),
  ADD KEY `FK_orders_users` (`user_id`),
  ADD KEY `FK_orders_coupons` (`coupon_id`);

--
-- Indeks untuk tabel `order_items`
--
ALTER TABLE `order_items`
  ADD PRIMARY KEY (`id`),
  ADD KEY `order_id` (`order_id`),
  ADD KEY `product_id` (`product_id`);

--
-- Indeks untuk tabel `payments`
--
ALTER TABLE `payments`
  ADD PRIMARY KEY (`id`),
  ADD KEY `order_id` (`order_id`);

--
-- Indeks untuk tabel `products`
--
ALTER TABLE `products`
  ADD PRIMARY KEY (`id`),
  ADD KEY `FK_products_product_category` (`category_id`);

--
-- Indeks untuk tabel `product_category`
--
ALTER TABLE `product_category`
  ADD PRIMARY KEY (`id`);

--
-- Indeks untuk tabel `reviews`
--
ALTER TABLE `reviews`
  ADD PRIMARY KEY (`id`),
  ADD KEY `FK_reviews_users` (`user_id`),
  ADD KEY `FK_reviews_orders` (`order_id`);

--
-- Indeks untuk tabel `settings`
--
ALTER TABLE `settings`
  ADD PRIMARY KEY (`id`) USING BTREE;

--
-- Indeks untuk tabel `users`
--
ALTER TABLE `users`
  ADD PRIMARY KEY (`id`) USING BTREE,
  ADD UNIQUE KEY `users_email_unique` (`email`) USING BTREE;

--
-- AUTO_INCREMENT untuk tabel yang dibuang
--

--
-- AUTO_INCREMENT untuk tabel `contacts`
--
ALTER TABLE `contacts`
  MODIFY `id` int(10) NOT NULL AUTO_INCREMENT, AUTO_INCREMENT=3;

--
-- AUTO_INCREMENT untuk tabel `coupons`
--
ALTER TABLE `coupons`
  MODIFY `id` bigint(20) NOT NULL AUTO_INCREMENT, AUTO_INCREMENT=6;

--
-- AUTO_INCREMENT untuk tabel `customers`
--
ALTER TABLE `customers`
  MODIFY `id` bigint(20) NOT NULL AUTO_INCREMENT, AUTO_INCREMENT=13;

--
-- AUTO_INCREMENT untuk tabel `orders`
--
ALTER TABLE `orders`
  MODIFY `id` bigint(20) NOT NULL AUTO_INCREMENT, AUTO_INCREMENT=18;

--
-- AUTO_INCREMENT untuk tabel `order_items`
--
ALTER TABLE `order_items`
  MODIFY `id` bigint(20) NOT NULL AUTO_INCREMENT, AUTO_INCREMENT=31;

--
-- AUTO_INCREMENT untuk tabel `payments`
--
ALTER TABLE `payments`
  MODIFY `id` bigint(20) NOT NULL AUTO_INCREMENT, AUTO_INCREMENT=7;

--
-- AUTO_INCREMENT untuk tabel `products`
--
ALTER TABLE `products`
  MODIFY `id` bigint(20) NOT NULL AUTO_INCREMENT, AUTO_INCREMENT=17;

--
-- AUTO_INCREMENT untuk tabel `product_category`
--
ALTER TABLE `product_category`
  MODIFY `id` int(10) NOT NULL AUTO_INCREMENT, AUTO_INCREMENT=9;

--
-- AUTO_INCREMENT untuk tabel `reviews`
--
ALTER TABLE `reviews`
  MODIFY `id` bigint(20) NOT NULL AUTO_INCREMENT, AUTO_INCREMENT=4;

--
-- AUTO_INCREMENT untuk tabel `settings`
--
ALTER TABLE `settings`
  MODIFY `id` int(10) NOT NULL AUTO_INCREMENT, AUTO_INCREMENT=13;

--
-- AUTO_INCREMENT untuk tabel `users`
--
ALTER TABLE `users`
  MODIFY `id` bigint(20) UNSIGNED NOT NULL AUTO_INCREMENT, AUTO_INCREMENT=14;

--
-- Ketidakleluasaan untuk tabel pelimpahan (Dumped Tables)
--

--
-- Ketidakleluasaan untuk tabel `contacts`
--
ALTER TABLE `contacts`
  ADD CONSTRAINT `FK_contacts_contacts` FOREIGN KEY (`parent_id`) REFERENCES `contacts` (`id`) ON DELETE CASCADE ON UPDATE NO ACTION;

--
-- Ketidakleluasaan untuk tabel `customers`
--
ALTER TABLE `customers`
  ADD CONSTRAINT `FK_customers_users` FOREIGN KEY (`user_id`) REFERENCES `users` (`id`) ON DELETE NO ACTION ON UPDATE CASCADE;

--
-- Ketidakleluasaan untuk tabel `orders`
--
ALTER TABLE `orders`
  ADD CONSTRAINT `FK_orders_coupons` FOREIGN KEY (`coupon_id`) REFERENCES `coupons` (`id`) ON DELETE SET NULL ON UPDATE CASCADE,
  ADD CONSTRAINT `FK_orders_users` FOREIGN KEY (`user_id`) REFERENCES `users` (`id`) ON DELETE NO ACTION ON UPDATE CASCADE;

--
-- Ketidakleluasaan untuk tabel `order_items`
--
ALTER TABLE `order_items`
  ADD CONSTRAINT `order_items_ibfk_1` FOREIGN KEY (`order_id`) REFERENCES `orders` (`id`) ON DELETE CASCADE ON UPDATE NO ACTION,
  ADD CONSTRAINT `order_items_ibfk_2` FOREIGN KEY (`product_id`) REFERENCES `products` (`id`) ON DELETE CASCADE ON UPDATE NO ACTION;
COMMIT;

/*!40101 SET CHARACTER_SET_CLIENT=@OLD_CHARACTER_SET_CLIENT */;
/*!40101 SET CHARACTER_SET_RESULTS=@OLD_CHARACTER_SET_RESULTS */;
/*!40101 SET COLLATION_CONNECTION=@OLD_COLLATION_CONNECTION */;
